﻿{
	"name": "ninja",
	"version": "01.05.2022",
	"description": "",
	"id": "",
	"viewport-width": 1024,
	"viewport-height": 576,
	"author": "",
	"email": "",
	"website": "",
	"orientations": "any",
	"c2version": "280",
	"ife": false,
	"used-plugins": [
		"Button",
		"Function",
		"Keyboard",
		"Mouse",
		"Photon",
		"Sprite",
		"Text",
		"TiledBg",
		"Tilemap"
	],
	"used-behaviors": [
		"Flash",
		"Platform",
		"Rex_MoveTo",
		"jumpthru",
		"scrollto",
		"solid"
	]
}